prot1,res1,prot2,res2,id
CSN1,100,CSN2,349,1
CSN1,226,CSN2,267,2
CSN1,226,CSN2,348,3
CSN1,226,CSN2,349,4
CSN1,230,CSN2,59,5
CSN1,230,CSN2,267,6
CSN1,230,CSN2,348,7
CSN1,233,CSN2,267,8
CSN1,321,CSN2,348,9
CSN1,321,CSN2,349,10
CSN1,323,CSN2,163,11
CSN1,323,CSN2,164,12
CSN1,323,CSN2,252,13
CSN1,323,CSN2,267,14
CSN1,323,CSN2,349,15
CSN1,328,CSN2,349,16
CSN1,335,CSN2,327,17
CSN1,335,CSN2,340,18
CSN1,335,CSN2,345,19
CSN1,335,CSN2,348,20
CSN1,335,CSN2,349,21
CSN1,230,CSN3,284,22
CSN1,437,CSN3,362,23
CSN1,428,CSN3,365,24
CSN1,472,CSN3,33,25
CSN1,477,CSN3,33,26
CSN1,233,CSN5,277,27
CSN1,335,CSN7,119,28
CSN1,335,CSN7,121,29
CSN1,437,CSN8,173,30
CSN1,472,CSN9,42,31
CSN1,472,CSN9,46,32
CSN1,472,CSN9,48,33
CSN1,477,CSN9,42,34
CSN1,477,CSN9,46,35
CSN1,477,CSN9,48,36
CSN3,394,CSN7,232,37
CSN3,394,CSN7,237,38
CSN3,394,CSN7,239,39
CSN3,396,CSN7,230,40
CSN3,396,CSN7,232,41
CSN3,396,CSN7,237,42
CSN3,396,CSN7,239,43
CSN3,387,CSN8,202,44
CSN3,388,CSN8,202,45
CSN3,113,CSN9,42,46
CSN3,113,CSN9,46,47
CSN3,113,CSN9,48,48
CSN3,113,CSN9,49,49
CSN3,284,CSN9,20,50
CSN3,284,CSN9,21,51
CSN3,333,CSN9,52,52
CSN3,333,CSN9,53,53
CSN3,333,CSN9,54,54
CSN3,333,CSN9,55,55
CSN4,177,CSN6,103,56
CSN4,177,CSN6,109,57
CSN4,177,CSN6,110,58
CSN4,181,CSN6,109,59
CSN4,181,CSN6,110,60
CSN4,336,CSN6,110,61
CSN4,345,CSN6,110,62
CSN4,394,CSN6,246,63
CSN4,394,CSN6,249,64
CSN4,401,CSN6,246,65
CSN4,401,CSN6,249,66
CSN4,177,CSN7,237,67
CSN4,177,CSN7,239,68
CSN4,265,CSN7,139,69
CSN4,329,CSN7,127,70
CSN5,329,CSN7,129,71
CSN4,362,CSN7,153,72
CSN4,365,CSN7,153,73
CSN5,32,CSN6,62,74
CSN5,101,CSN6,109,75
CSN5,101,CSN6,110,76
CSN5,115,CSN6,109,77
CSN5,115,CSN6,110,78
CSN5,122,CSN6,101,79
CSN5,122,CSN6,103,80
CSN5,122,CSN6,109,81
CSN5,122,CSN6,110,82
CSN5,131,CSN6,109,83
CSN5,131,CSN6,110,84
CSN5,198,CSN6,213,85
CSN5,202,CSN6,213,86
CSN5,202,CSN6,219,87
CSN5,225,CSN6,213,88
CSN5,225,CSN6,219,89
CSN5,239,CSN6,201,90
CSN5,313,CSN6,201,91
CSN5,325,CSN6,273,92
CSN5,197,CSN7,237,93
CSN5,198,CSN7,237,94
CSN5,202,CSN7,237,95
CSN5,290,CSN7,230,96
CSN5,293,CSN7,232,97
CSN6,62,CSN7,230,98
CSN6,62,CSN7,232,99
CSN6,62,CSN7,237,100
CSN6,62,CSN7,239,101
CSN6,246,CSN7,237,102
CSN6,246,CSN7,239,103
CSN6,249,CSN7,230,104
CSN6,249,CSN7,232,105
CSN6,249,CSN7,237,106
CSN6,249,CSN7,239,107
